INSERT INTO app_users (id, user_role) VALUES
    ('00000000-0000-0000-0000-000000000001', 'MANAGER'),
    ('00000000-0000-0000-0000-000000000002', 'CLIENT'),
    ('00000000-0000-0000-0000-000000000003', 'STORAGE_ADMIN'),
    ('00000000-0000-0000-0000-000000000004', 'SYSTEM_ADMIN');

INSERT INTO car_models (id, model_name, price, component_name) VALUES
    ('00000000-0000-0000-0000-000000000101', 'Camry', 1200, 'Model'),
    ('00000000-0000-0000-0000-000000000102', 'Corolla', 1800, 'Model');

INSERT INTO bodies (id, price, component_name, body_type) VALUES
    ('00000000-0000-0000-0000-000000000201', 1000, 'Body', 'Sedan'),
    ('00000000-0000-0000-0000-000000000202', 2000, 'Body', 'SUV');

INSERT INTO brands (id, price, component_name, brand_name) VALUES
    ('00000000-0000-0000-0000-000000000301', 1500, 'Brand', 'Toyota'),
    ('00000000-0000-0000-0000-000000000302', 2500, 'Brand', 'Honda');

INSERT INTO colors (id, price, component_name, color_value) VALUES
    ('00000000-0000-0000-0000-000000000401', 300, 'Color', 'Black'),
    ('00000000-0000-0000-0000-000000000402', 600, 'Color', 'White');

INSERT INTO drives (id, price, component_name, drive_type) VALUES
    ('00000000-0000-0000-0000-000000000501', 700, 'Drive', 'FWD'),
    ('00000000-0000-0000-0000-000000000502', 500, 'Drive', 'AWD');

INSERT INTO engines (id, price, component_name, engine_power, engine_volume) VALUES
    ('00000000-0000-0000-0000-000000000601', 2400, 'Engine', 220, 2000),
    ('00000000-0000-0000-0000-000000000602', 1800, 'Engine', 150, 1600);

INSERT INTO fuels (id, price, component_name, fuel_type) VALUES
    ('00000000-0000-0000-0000-000000000701', 200, 'Fuel', 'Petrol'),
    ('00000000-0000-0000-0000-000000000702', 350, 'Fuel', 'Diesel');

INSERT INTO transmissions (id, price, component_name, transmission_type) VALUES
    ('00000000-0000-0000-0000-000000000801', 1400, 'Transmission', 'example1'),
    ('00000000-0000-0000-0000-000000000802', 1100, 'Transmission', 'example2');

INSERT INTO steerings (id, price, component_name) VALUES
    ('00000000-0000-0000-0000-000000000901', 250, 'Steering'),
    ('00000000-0000-0000-0000-000000000902', 450, 'Steering');

INSERT INTO wheels (id, price, component_name) VALUES
    ('00000000-0000-0000-0000-000000001001', 450, 'Wheels'),
    ('00000000-0000-0000-0000-000000001002', 650, 'Wheels');

INSERT INTO interiors (id, price, component_name) VALUES
    ('00000000-0000-0000-0000-000000001101', 900, 'Interior'),
    ('00000000-0000-0000-0000-000000001102', 1200, 'Interior');

INSERT INTO body_suitable_models (body_id, model_id) VALUES
    ('00000000-0000-0000-0000-000000000201', '00000000-0000-0000-0000-000000000101'),
    ('00000000-0000-0000-0000-000000000201', '00000000-0000-0000-0000-000000000102'),
    ('00000000-0000-0000-0000-000000000202', '00000000-0000-0000-0000-000000000102');

INSERT INTO brand_suitable_models (brand_id, model_id) VALUES
    ('00000000-0000-0000-0000-000000000301', '00000000-0000-0000-0000-000000000101'),
    ('00000000-0000-0000-0000-000000000301', '00000000-0000-0000-0000-000000000102'),
    ('00000000-0000-0000-0000-000000000302', '00000000-0000-0000-0000-000000000102');

INSERT INTO color_suitable_models (color_id, model_id) VALUES
    ('00000000-0000-0000-0000-000000000401', '00000000-0000-0000-0000-000000000101'),
    ('00000000-0000-0000-0000-000000000401', '00000000-0000-0000-0000-000000000102'),
    ('00000000-0000-0000-0000-000000000402', '00000000-0000-0000-0000-000000000102');

INSERT INTO drive_suitable_models (drive_id, model_id) VALUES
    ('00000000-0000-0000-0000-000000000501', '00000000-0000-0000-0000-000000000101'),
    ('00000000-0000-0000-0000-000000000501', '00000000-0000-0000-0000-000000000102'),
    ('00000000-0000-0000-0000-000000000502', '00000000-0000-0000-0000-000000000102');

INSERT INTO engine_suitable_models (engine_id, model_id) VALUES
    ('00000000-0000-0000-0000-000000000601', '00000000-0000-0000-0000-000000000101'),
    ('00000000-0000-0000-0000-000000000601', '00000000-0000-0000-0000-000000000102'),
    ('00000000-0000-0000-0000-000000000602', '00000000-0000-0000-0000-000000000102');

INSERT INTO fuel_suitable_models (fuel_id, model_id) VALUES
    ('00000000-0000-0000-0000-000000000701', '00000000-0000-0000-0000-000000000101'),
    ('00000000-0000-0000-0000-000000000701', '00000000-0000-0000-0000-000000000102'),
    ('00000000-0000-0000-0000-000000000702', '00000000-0000-0000-0000-000000000102');

INSERT INTO transmission_suitable_models (transmission_id, model_id) VALUES
    ('00000000-0000-0000-0000-000000000801', '00000000-0000-0000-0000-000000000101'),
    ('00000000-0000-0000-0000-000000000801', '00000000-0000-0000-0000-000000000102'),
    ('00000000-0000-0000-0000-000000000802', '00000000-0000-0000-0000-000000000102');

INSERT INTO steering_suitable_models (steering_id, model_id) VALUES
    ('00000000-0000-0000-0000-000000000901', '00000000-0000-0000-0000-000000000101'),
    ('00000000-0000-0000-0000-000000000901', '00000000-0000-0000-0000-000000000102'),
    ('00000000-0000-0000-0000-000000000902', '00000000-0000-0000-0000-000000000102');

INSERT INTO wheel_suitable_models (wheel_id, model_id) VALUES
    ('00000000-0000-0000-0000-000000001001', '00000000-0000-0000-0000-000000000101'),
    ('00000000-0000-0000-0000-000000001001', '00000000-0000-0000-0000-000000000102'),
    ('00000000-0000-0000-0000-000000001002', '00000000-0000-0000-0000-000000000102');

INSERT INTO interior_suitable_models (interior_id, model_id) VALUES
    ('00000000-0000-0000-0000-000000001101', '00000000-0000-0000-0000-000000000101'),
    ('00000000-0000-0000-0000-000000001101', '00000000-0000-0000-0000-000000000102'),
    ('00000000-0000-0000-0000-000000001102', '00000000-0000-0000-0000-000000000102');

INSERT INTO cars (
    id,
    body_id,
    brand_id,
    color_id,
    drive_id,
    engine_id,
    fuel_id,
    model_id,
    transmission_id,
    steering_id,
    wheel_id,
    interior_id,
    price
) VALUES
    (
        '00000000-0000-0000-0000-000000002001',
        '00000000-0000-0000-0000-000000000201',
        '00000000-0000-0000-0000-000000000301',
        '00000000-0000-0000-0000-000000000401',
        '00000000-0000-0000-0000-000000000501',
        '00000000-0000-0000-0000-000000000601',
        '00000000-0000-0000-0000-000000000701',
        '00000000-0000-0000-0000-000000000101',
        '00000000-0000-0000-0000-000000000801',
        '00000000-0000-0000-0000-000000000901',
        '00000000-0000-0000-0000-000000001001',
        '00000000-0000-0000-0000-000000001101',
        15000
    ),
    (
        '00000000-0000-0000-0000-000000002002',
        '00000000-0000-0000-0000-000000000202',
        '00000000-0000-0000-0000-000000000302',
        '00000000-0000-0000-0000-000000000402',
        '00000000-0000-0000-0000-000000000502',
        '00000000-0000-0000-0000-000000000602',
        '00000000-0000-0000-0000-000000000702',
        '00000000-0000-0000-0000-000000000102',
        '00000000-0000-0000-0000-000000000802',
        '00000000-0000-0000-0000-000000000902',
        '00000000-0000-0000-0000-000000001002',
        '00000000-0000-0000-0000-000000001102',
        21000
    );

INSERT INTO custom_orders (id, manager_id, client_id, car_id, state, price) VALUES
    (
        '00000000-0000-0000-0000-000000003001',
        '00000000-0000-0000-0000-000000000001',
        '00000000-0000-0000-0000-000000000002',
        '00000000-0000-0000-0000-000000002001',
        'CREATED',
        15000
    ),
    (
        '00000000-0000-0000-0000-000000003002',
        '00000000-0000-0000-0000-000000000001',
        '00000000-0000-0000-0000-000000000002',
        '00000000-0000-0000-0000-000000002002',
        'APPROVED',
        21000
    );

INSERT INTO in_stock_orders (id, manager_id, client_id, car_id, state, price) VALUES
    (
        '00000000-0000-0000-0000-000000003101',
        '00000000-0000-0000-0000-000000000001',
        '00000000-0000-0000-0000-000000000002',
        '00000000-0000-0000-0000-000000002001',
        'WAITING_PAYMENT',
        15000
    ),
    (
        '00000000-0000-0000-0000-000000003102',
        '00000000-0000-0000-0000-000000000001',
        '00000000-0000-0000-0000-000000000002',
        '00000000-0000-0000-0000-000000002002',
        'APPROVED',
        21000
    );

INSERT INTO test_drive_requests (id, client_id, car_id, scheduled_time) VALUES
    (
        '00000000-0000-0000-0000-000000004001',
        '00000000-0000-0000-0000-000000000002',
        '00000000-0000-0000-0000-000000002001',
        '2026-03-25'
    ),
    (
        '00000000-0000-0000-0000-000000004002',
        '00000000-0000-0000-0000-000000000002',
        '00000000-0000-0000-0000-000000002002',
        '2026-03-26'
    );
